1.2,上海,Python开发工程师
1.1,广州-天河区,Python高级软件工程师
1.7,深圳-南山区,Python后端工程师
1.9,北京-海淀区,Python开发工程师
1.1,长沙-天心区,（双休）python研发工程师
1.0,上海-闵行区,Python Web开发工程师
1.7,北京-朝阳区,Python/Java开发工程师
1.7,上海-浦东新区,Python开发工程师
1.4,北京-海淀区,高级Python工程师
1.7,上海-徐汇区,Python高级开发师
1.7,广州-白云区,高级python爬虫工程师
1.7,苏州-吴江区,Python高级开发工程师
1.2,上海-浦东新区,Python开发工程师/软件工程师
1.7,北京-朝阳区,Python开发工程师
1.1,广州,Python开发工程师
1.7,成都,Python高级后台工程师
1.8,上海-浦东新区,Python程序员
0.8,成都,Python开发工程师
1.2,广州-白云区,Python工程师
1.4,北京-东城区,Python开发工程师
2.7,上海,爬虫开发主管（Python语言）
1.5,上海,Python工程师
1.9,北京-海淀区,Python高级开发工程师
1.2,北京,Python开发工程师-北京-02785
2.7,上海-徐汇区,python高级工程师
1.4,深圳-南山区,Python开发工程师
1.2,上海-静安区,Python开发工程师
1.0,武汉-江夏区,Python开发工程师
1.7,杭州-西湖区,"服务器高级软件开发工程师（Ruby,Python, GoLang）"
1.1,上海-长宁区,Python课程开发/ 授课
1.7,北京-海淀区,Python开发工程师
1.4,北京-朝阳区,游戏服务器(Python)开发工程师
1.4,深圳-南山区,Python工程师（爬虫方向）
1.4,杭州-滨江区,Python开发工程师
1.4,广州-越秀区,Python开发工程师
1.4,北京-海淀区,Python开发工程师
1.0,上海-浦东新区,python开发工程师
1.7,上海,资深Python开发工程师
0.8,广州,Python开发工程师
1.0,武汉-江夏区,Python高级开发工程师
0.5,西安-高新技术...,Python开发
0.7,济南-高新区,Python开发工程师
0.7,成都-武侯区,python 技术开发工程师
0.7,南京,Python爬虫工程师
0.5,义乌,Python/PHP开发工程师
0.5,深圳,初级python开发工程师
0.5,深圳-福田区,初级python开发工程师
0.7,上海-杨浦区,python爬虫工程师
0.7,广州,Python开发工程师
