1-1.5万/月,Python开发工程师,上海
0.9-1.3万/月,Python高级软件工程师,广州-天河区
1.2-2.5万/月,Python后端工程师,深圳-南山区
1.5-2.5万/月,Python开发工程师,北京-海淀区
,服务端研发工程师-Python（万得子公司）,上海-浦东新区
1-1.2万/月,（双休）python研发工程师,长沙-天心区
0.8-1.2万/月,Python Web开发工程师,上海-闵行区
1.5-2万/月,Python/Java开发工程师,北京-朝阳区
1.5-2万/月,Python开发工程师,上海-浦东新区
1-2万/月,高级Python工程师,北京-海淀区
1.2-2.4万/月,Python高级开发师,上海-徐汇区
4.5-6千/月,Python开发,西安-高新技术...
1.5-2万/月,高级python爬虫工程师,广州-白云区
6-8千/月,Python开发工程师,济南-高新区
1.5-2万/月,Python高级开发工程师,苏州-吴江区
1-1.5万/月,Python开发工程师/软件工程师,上海-浦东新区
6-8千/月,python 技术开发工程师,成都-武侯区
6-8千/月,Python爬虫工程师,南京
1.2-2.4万/月,Python开发工程师,北京-朝阳区
1-1.3万/月,Python开发工程师,广州
1.5-2万/月,Python高级后台工程师,成都
1.5-2.2万/月,Python程序员,上海-浦东新区
0.6-1.2万/月,Python开发工程师,成都
1-1.5万/月,Python工程师,广州-白云区
1-2万/月,Python开发工程师,北京-东城区
5-6千/月,Python/PHP开发工程师,义乌
2.5-3万/月,爬虫开发主管（Python语言）,上海
1.3-1.8万/月,Python工程师,上海
1.5-2.5万/月,Python高级开发工程师,北京-海淀区
1-1.4万/月,Python开发工程师-北京-02785,北京
4.5-6千/月,初级python开发工程师,深圳
4.5-6千/月,初级python开发工程师,深圳-福田区
2.5-3万/月,python高级工程师,上海-徐汇区
1-2万/月,Python开发工程师,深圳-南山区
1-1.5万/月,Python开发工程师,上海-静安区
6-8千/月,python爬虫工程师,上海-杨浦区
0.8-1.2万/月,Python开发工程师,武汉-江夏区
1.5-2万/月,"服务器高级软件开发工程师（Ruby,Python, GoLang）",杭州-西湖区
0.8-1.6万/月,Python课程开发/ 授课,上海-长宁区
1.5-2万/月,Python开发工程师,北京-海淀区
1-2万/月,游戏服务器(Python)开发工程师,北京-朝阳区
10-15万/年,Python高级开发工程师,武汉-江夏区
1-2万/月,Python工程师（爬虫方向）,深圳-南山区
1-2万/月,Python开发工程师,杭州-滨江区
1-2万/月,Python开发工程师,广州-越秀区
1-2万/月,Python开发工程师,北京-海淀区
0.7-1.5万/月,python开发工程师,上海-浦东新区
1.5-2万/月,资深Python开发工程师,上海
6-8千/月,Python开发工程师,广州
0.6-1万/月,Python开发工程师,广州
