Python开发工程师,17
Python高级开发工程师,3
Python工程师,2
初级python开发工程师,2
Python高级软件工程师,1
Python后端工程师,1
服务端研发工程师-Python（万得子公司）,1
（双休）python研发工程师,1
Python Web开发工程师,1
Python/Java开发工程师,1
高级Python工程师,1
Python高级开发师,1
Python开发,1
高级python爬虫工程师,1
Python开发工程师/软件工程师,1
python 技术开发工程师,1
Python爬虫工程师,1
Python高级后台工程师,1
Python程序员,1
Python/PHP开发工程师,1
爬虫开发主管（Python语言）,1
Python开发工程师-北京-02785,1
python高级工程师,1
python爬虫工程师,1
"服务器高级软件开发工程师（Ruby,Python, GoLang）",1
Python课程开发/ 授课,1
游戏服务器(Python)开发工程师,1
Python工程师（爬虫方向）,1
python开发工程师,1
资深Python开发工程师,1
